eval_instance_id,domain,model_tested,expected_verdict,judgement_verdict,confidence_score,failure_category,risk_severity,judge_critique
CHAT_CLEO_01_EVAL_1,Financial Health Coaching,GPT-4o (Quantized),HALLUCINATION,HALLUCINATION,0.95,Financial Miscalculation (Data Contradiction),HIGH RISK / FINANCIAL LIABILITY,"Critique: The chatbot generated numerical entities (1,245.00) that are entirely unsupported by the provided Ground Truth context. This represents a severe factual hallucination."
CHAT_CLEO_02_EVAL_1,Transaction Classifier,Claude 3.5 Sonnet,FULLY GROUNDED,FULLY GROUNDED,0.83,None,SAFE / VERIFIED,Critique: The chatbot output adheres perfectly to the semantic facts and numerical parameters established in the Ground Truth context (Cosine Similarity: 0.4213). No hallucination detected.
CHAT_CLEO_03_EVAL_1,Credit Optimization,GPT-3.5-Turbo (Legacy),HALLUCINATION,HALLUCINATION,0.95,Financial Miscalculation (Data Contradiction),HIGH RISK / FINANCIAL LIABILITY,"Critique: The chatbot generated numerical entities (5,000) that are entirely unsupported by the provided Ground Truth context. This represents a severe factual hallucination."
CHAT_WAVE_04_EVAL_1,Support Automation (Mobile Money),GPT-4o (Quantized),HALLUCINATION,FULLY GROUNDED,0.75,None,SAFE / VERIFIED,Critique: The chatbot output adheres perfectly to the semantic facts and numerical parameters established in the Ground Truth context (Cosine Similarity: 0.1524). No hallucination detected.
CHAT_WAVE_05_EVAL_1,Network Telemetry,Claude 3.5 Sonnet,FULLY GROUNDED,FULLY GROUNDED,0.81,None,SAFE / VERIFIED,Critique: The chatbot output adheres perfectly to the semantic facts and numerical parameters established in the Ground Truth context (Cosine Similarity: 0.3524). No hallucination detected.
CHAT_WAVE_06_EVAL_1,Support Automation (Mobile Money),Mistral-7B (Fine-Tuned),HALLUCINATION,HALLUCINATION,0.88,Semantic Departure (Context Unalignment),CRITICAL / BRAND RISK,"Critique: The chatbot's response diverged significantly from the Ground Truth context (Cosine Similarity: 0.0225 < Threshold 0.15), indicating ungrounded text generation."
CHAT_LEGAL_07_EVAL_1,Banking Regulation (BOFIA 2020),Claude 3 Opus,HALLUCINATION,HALLUCINATION,0.95,Financial Miscalculation (Data Contradiction),HIGH RISK / FINANCIAL LIABILITY,"Critique: The chatbot generated numerical entities (500,000, 6) that are entirely unsupported by the provided Ground Truth context. This represents a severe factual hallucination."
CHAT_LEGAL_08_EVAL_1,Tax Compliance (CITA),GPT-4o (Quantized),FULLY GROUNDED,FULLY GROUNDED,0.81,None,SAFE / VERIFIED,Critique: The chatbot output adheres perfectly to the semantic facts and numerical parameters established in the Ground Truth context (Cosine Similarity: 0.3626). No hallucination detected.
CHAT_CLEO_01_EVAL_2,Financial Health Coaching,GPT-4o (Quantized),HALLUCINATION,HALLUCINATION,0.95,Financial Miscalculation (Data Contradiction),HIGH RISK / FINANCIAL LIABILITY,"Critique: The chatbot generated numerical entities (1,245.00) that are entirely unsupported by the provided Ground Truth context. This represents a severe factual hallucination."
CHAT_CLEO_02_EVAL_2,Transaction Classifier,Claude 3.5 Sonnet,FULLY GROUNDED,FULLY GROUNDED,0.83,None,SAFE / VERIFIED,Critique: The chatbot output adheres perfectly to the semantic facts and numerical parameters established in the Ground Truth context (Cosine Similarity: 0.4213). No hallucination detected.
CHAT_CLEO_03_EVAL_2,Credit Optimization,GPT-3.5-Turbo (Legacy),HALLUCINATION,HALLUCINATION,0.95,Financial Miscalculation (Data Contradiction),HIGH RISK / FINANCIAL LIABILITY,"Critique: The chatbot generated numerical entities (5,000) that are entirely unsupported by the provided Ground Truth context. This represents a severe factual hallucination."
CHAT_WAVE_04_EVAL_2,Support Automation (Mobile Money),GPT-4o (Quantized),HALLUCINATION,FULLY GROUNDED,0.75,None,SAFE / VERIFIED,Critique: The chatbot output adheres perfectly to the semantic facts and numerical parameters established in the Ground Truth context (Cosine Similarity: 0.1524). No hallucination detected.
CHAT_WAVE_05_EVAL_2,Network Telemetry,Claude 3.5 Sonnet,FULLY GROUNDED,FULLY GROUNDED,0.81,None,SAFE / VERIFIED,Critique: The chatbot output adheres perfectly to the semantic facts and numerical parameters established in the Ground Truth context (Cosine Similarity: 0.3524). No hallucination detected.
CHAT_WAVE_06_EVAL_2,Support Automation (Mobile Money),Mistral-7B (Fine-Tuned),HALLUCINATION,HALLUCINATION,0.88,Semantic Departure (Context Unalignment),CRITICAL / BRAND RISK,"Critique: The chatbot's response diverged significantly from the Ground Truth context (Cosine Similarity: 0.0225 < Threshold 0.15), indicating ungrounded text generation."
CHAT_LEGAL_07_EVAL_2,Banking Regulation (BOFIA 2020),Claude 3 Opus,HALLUCINATION,HALLUCINATION,0.95,Financial Miscalculation (Data Contradiction),HIGH RISK / FINANCIAL LIABILITY,"Critique: The chatbot generated numerical entities (500,000, 6) that are entirely unsupported by the provided Ground Truth context. This represents a severe factual hallucination."
CHAT_LEGAL_08_EVAL_2,Tax Compliance (CITA),GPT-4o (Quantized),FULLY GROUNDED,FULLY GROUNDED,0.81,None,SAFE / VERIFIED,Critique: The chatbot output adheres perfectly to the semantic facts and numerical parameters established in the Ground Truth context (Cosine Similarity: 0.3626). No hallucination detected.
CHAT_CLEO_01_EVAL_3,Financial Health Coaching,GPT-4o (Quantized),HALLUCINATION,HALLUCINATION,0.95,Financial Miscalculation (Data Contradiction),HIGH RISK / FINANCIAL LIABILITY,"Critique: The chatbot generated numerical entities (1,245.00) that are entirely unsupported by the provided Ground Truth context. This represents a severe factual hallucination."
CHAT_CLEO_02_EVAL_3,Transaction Classifier,Claude 3.5 Sonnet,FULLY GROUNDED,FULLY GROUNDED,0.83,None,SAFE / VERIFIED,Critique: The chatbot output adheres perfectly to the semantic facts and numerical parameters established in the Ground Truth context (Cosine Similarity: 0.4213). No hallucination detected.
CHAT_CLEO_03_EVAL_3,Credit Optimization,GPT-3.5-Turbo (Legacy),HALLUCINATION,HALLUCINATION,0.95,Financial Miscalculation (Data Contradiction),HIGH RISK / FINANCIAL LIABILITY,"Critique: The chatbot generated numerical entities (5,000) that are entirely unsupported by the provided Ground Truth context. This represents a severe factual hallucination."
CHAT_WAVE_04_EVAL_3,Support Automation (Mobile Money),GPT-4o (Quantized),HALLUCINATION,FULLY GROUNDED,0.75,None,SAFE / VERIFIED,Critique: The chatbot output adheres perfectly to the semantic facts and numerical parameters established in the Ground Truth context (Cosine Similarity: 0.1524). No hallucination detected.
CHAT_WAVE_05_EVAL_3,Network Telemetry,Claude 3.5 Sonnet,FULLY GROUNDED,FULLY GROUNDED,0.81,None,SAFE / VERIFIED,Critique: The chatbot output adheres perfectly to the semantic facts and numerical parameters established in the Ground Truth context (Cosine Similarity: 0.3524). No hallucination detected.
CHAT_WAVE_06_EVAL_3,Support Automation (Mobile Money),Mistral-7B (Fine-Tuned),HALLUCINATION,HALLUCINATION,0.88,Semantic Departure (Context Unalignment),CRITICAL / BRAND RISK,"Critique: The chatbot's response diverged significantly from the Ground Truth context (Cosine Similarity: 0.0225 < Threshold 0.15), indicating ungrounded text generation."
CHAT_LEGAL_07_EVAL_3,Banking Regulation (BOFIA 2020),Claude 3 Opus,HALLUCINATION,HALLUCINATION,0.95,Financial Miscalculation (Data Contradiction),HIGH RISK / FINANCIAL LIABILITY,"Critique: The chatbot generated numerical entities (500,000, 6) that are entirely unsupported by the provided Ground Truth context. This represents a severe factual hallucination."
CHAT_LEGAL_08_EVAL_3,Tax Compliance (CITA),GPT-4o (Quantized),FULLY GROUNDED,FULLY GROUNDED,0.81,None,SAFE / VERIFIED,Critique: The chatbot output adheres perfectly to the semantic facts and numerical parameters established in the Ground Truth context (Cosine Similarity: 0.3626). No hallucination detected.
CHAT_CLEO_01_EVAL_4,Financial Health Coaching,GPT-4o (Quantized),HALLUCINATION,HALLUCINATION,0.95,Financial Miscalculation (Data Contradiction),HIGH RISK / FINANCIAL LIABILITY,"Critique: The chatbot generated numerical entities (1,245.00) that are entirely unsupported by the provided Ground Truth context. This represents a severe factual hallucination."
CHAT_CLEO_02_EVAL_4,Transaction Classifier,Claude 3.5 Sonnet,FULLY GROUNDED,FULLY GROUNDED,0.83,None,SAFE / VERIFIED,Critique: The chatbot output adheres perfectly to the semantic facts and numerical parameters established in the Ground Truth context (Cosine Similarity: 0.4213). No hallucination detected.
CHAT_CLEO_03_EVAL_4,Credit Optimization,GPT-3.5-Turbo (Legacy),HALLUCINATION,HALLUCINATION,0.95,Financial Miscalculation (Data Contradiction),HIGH RISK / FINANCIAL LIABILITY,"Critique: The chatbot generated numerical entities (5,000) that are entirely unsupported by the provided Ground Truth context. This represents a severe factual hallucination."
CHAT_WAVE_04_EVAL_4,Support Automation (Mobile Money),GPT-4o (Quantized),HALLUCINATION,FULLY GROUNDED,0.75,None,SAFE / VERIFIED,Critique: The chatbot output adheres perfectly to the semantic facts and numerical parameters established in the Ground Truth context (Cosine Similarity: 0.1524). No hallucination detected.
CHAT_WAVE_05_EVAL_4,Network Telemetry,Claude 3.5 Sonnet,FULLY GROUNDED,FULLY GROUNDED,0.81,None,SAFE / VERIFIED,Critique: The chatbot output adheres perfectly to the semantic facts and numerical parameters established in the Ground Truth context (Cosine Similarity: 0.3524). No hallucination detected.
CHAT_WAVE_06_EVAL_4,Support Automation (Mobile Money),Mistral-7B (Fine-Tuned),HALLUCINATION,HALLUCINATION,0.88,Semantic Departure (Context Unalignment),CRITICAL / BRAND RISK,"Critique: The chatbot's response diverged significantly from the Ground Truth context (Cosine Similarity: 0.0225 < Threshold 0.15), indicating ungrounded text generation."
CHAT_LEGAL_07_EVAL_4,Banking Regulation (BOFIA 2020),Claude 3 Opus,HALLUCINATION,HALLUCINATION,0.95,Financial Miscalculation (Data Contradiction),HIGH RISK / FINANCIAL LIABILITY,"Critique: The chatbot generated numerical entities (500,000, 6) that are entirely unsupported by the provided Ground Truth context. This represents a severe factual hallucination."
CHAT_LEGAL_08_EVAL_4,Tax Compliance (CITA),GPT-4o (Quantized),FULLY GROUNDED,FULLY GROUNDED,0.81,None,SAFE / VERIFIED,Critique: The chatbot output adheres perfectly to the semantic facts and numerical parameters established in the Ground Truth context (Cosine Similarity: 0.3626). No hallucination detected.
CHAT_CLEO_01_EVAL_5,Financial Health Coaching,GPT-4o (Quantized),HALLUCINATION,HALLUCINATION,0.95,Financial Miscalculation (Data Contradiction),HIGH RISK / FINANCIAL LIABILITY,"Critique: The chatbot generated numerical entities (1,245.00) that are entirely unsupported by the provided Ground Truth context. This represents a severe factual hallucination."
CHAT_CLEO_02_EVAL_5,Transaction Classifier,Claude 3.5 Sonnet,FULLY GROUNDED,FULLY GROUNDED,0.83,None,SAFE / VERIFIED,Critique: The chatbot output adheres perfectly to the semantic facts and numerical parameters established in the Ground Truth context (Cosine Similarity: 0.4213). No hallucination detected.
CHAT_CLEO_03_EVAL_5,Credit Optimization,GPT-3.5-Turbo (Legacy),HALLUCINATION,HALLUCINATION,0.95,Financial Miscalculation (Data Contradiction),HIGH RISK / FINANCIAL LIABILITY,"Critique: The chatbot generated numerical entities (5,000) that are entirely unsupported by the provided Ground Truth context. This represents a severe factual hallucination."
CHAT_WAVE_04_EVAL_5,Support Automation (Mobile Money),GPT-4o (Quantized),HALLUCINATION,FULLY GROUNDED,0.75,None,SAFE / VERIFIED,Critique: The chatbot output adheres perfectly to the semantic facts and numerical parameters established in the Ground Truth context (Cosine Similarity: 0.1524). No hallucination detected.
CHAT_WAVE_05_EVAL_5,Network Telemetry,Claude 3.5 Sonnet,FULLY GROUNDED,FULLY GROUNDED,0.81,None,SAFE / VERIFIED,Critique: The chatbot output adheres perfectly to the semantic facts and numerical parameters established in the Ground Truth context (Cosine Similarity: 0.3524). No hallucination detected.
CHAT_WAVE_06_EVAL_5,Support Automation (Mobile Money),Mistral-7B (Fine-Tuned),HALLUCINATION,HALLUCINATION,0.88,Semantic Departure (Context Unalignment),CRITICAL / BRAND RISK,"Critique: The chatbot's response diverged significantly from the Ground Truth context (Cosine Similarity: 0.0225 < Threshold 0.15), indicating ungrounded text generation."
CHAT_LEGAL_07_EVAL_5,Banking Regulation (BOFIA 2020),Claude 3 Opus,HALLUCINATION,HALLUCINATION,0.95,Financial Miscalculation (Data Contradiction),HIGH RISK / FINANCIAL LIABILITY,"Critique: The chatbot generated numerical entities (500,000, 6) that are entirely unsupported by the provided Ground Truth context. This represents a severe factual hallucination."
CHAT_LEGAL_08_EVAL_5,Tax Compliance (CITA),GPT-4o (Quantized),FULLY GROUNDED,FULLY GROUNDED,0.81,None,SAFE / VERIFIED,Critique: The chatbot output adheres perfectly to the semantic facts and numerical parameters established in the Ground Truth context (Cosine Similarity: 0.3626). No hallucination detected.
CHAT_CLEO_01_EVAL_6,Financial Health Coaching,GPT-4o (Quantized),HALLUCINATION,HALLUCINATION,0.95,Financial Miscalculation (Data Contradiction),HIGH RISK / FINANCIAL LIABILITY,"Critique: The chatbot generated numerical entities (1,245.00) that are entirely unsupported by the provided Ground Truth context. This represents a severe factual hallucination."
CHAT_CLEO_02_EVAL_6,Transaction Classifier,Claude 3.5 Sonnet,FULLY GROUNDED,FULLY GROUNDED,0.83,None,SAFE / VERIFIED,Critique: The chatbot output adheres perfectly to the semantic facts and numerical parameters established in the Ground Truth context (Cosine Similarity: 0.4213). No hallucination detected.
CHAT_CLEO_03_EVAL_6,Credit Optimization,GPT-3.5-Turbo (Legacy),HALLUCINATION,HALLUCINATION,0.95,Financial Miscalculation (Data Contradiction),HIGH RISK / FINANCIAL LIABILITY,"Critique: The chatbot generated numerical entities (5,000) that are entirely unsupported by the provided Ground Truth context. This represents a severe factual hallucination."
CHAT_WAVE_04_EVAL_6,Support Automation (Mobile Money),GPT-4o (Quantized),HALLUCINATION,FULLY GROUNDED,0.75,None,SAFE / VERIFIED,Critique: The chatbot output adheres perfectly to the semantic facts and numerical parameters established in the Ground Truth context (Cosine Similarity: 0.1524). No hallucination detected.
CHAT_WAVE_05_EVAL_6,Network Telemetry,Claude 3.5 Sonnet,FULLY GROUNDED,FULLY GROUNDED,0.81,None,SAFE / VERIFIED,Critique: The chatbot output adheres perfectly to the semantic facts and numerical parameters established in the Ground Truth context (Cosine Similarity: 0.3524). No hallucination detected.
CHAT_WAVE_06_EVAL_6,Support Automation (Mobile Money),Mistral-7B (Fine-Tuned),HALLUCINATION,HALLUCINATION,0.88,Semantic Departure (Context Unalignment),CRITICAL / BRAND RISK,"Critique: The chatbot's response diverged significantly from the Ground Truth context (Cosine Similarity: 0.0225 < Threshold 0.15), indicating ungrounded text generation."
CHAT_LEGAL_07_EVAL_6,Banking Regulation (BOFIA 2020),Claude 3 Opus,HALLUCINATION,HALLUCINATION,0.95,Financial Miscalculation (Data Contradiction),HIGH RISK / FINANCIAL LIABILITY,"Critique: The chatbot generated numerical entities (500,000, 6) that are entirely unsupported by the provided Ground Truth context. This represents a severe factual hallucination."
CHAT_LEGAL_08_EVAL_6,Tax Compliance (CITA),GPT-4o (Quantized),FULLY GROUNDED,FULLY GROUNDED,0.81,None,SAFE / VERIFIED,Critique: The chatbot output adheres perfectly to the semantic facts and numerical parameters established in the Ground Truth context (Cosine Similarity: 0.3626). No hallucination detected.
CHAT_CLEO_01_EVAL_7,Financial Health Coaching,GPT-4o (Quantized),HALLUCINATION,HALLUCINATION,0.95,Financial Miscalculation (Data Contradiction),HIGH RISK / FINANCIAL LIABILITY,"Critique: The chatbot generated numerical entities (1,245.00) that are entirely unsupported by the provided Ground Truth context. This represents a severe factual hallucination."
CHAT_CLEO_02_EVAL_7,Transaction Classifier,Claude 3.5 Sonnet,FULLY GROUNDED,FULLY GROUNDED,0.83,None,SAFE / VERIFIED,Critique: The chatbot output adheres perfectly to the semantic facts and numerical parameters established in the Ground Truth context (Cosine Similarity: 0.4213). No hallucination detected.
CHAT_CLEO_03_EVAL_7,Credit Optimization,GPT-3.5-Turbo (Legacy),HALLUCINATION,HALLUCINATION,0.95,Financial Miscalculation (Data Contradiction),HIGH RISK / FINANCIAL LIABILITY,"Critique: The chatbot generated numerical entities (5,000) that are entirely unsupported by the provided Ground Truth context. This represents a severe factual hallucination."
CHAT_WAVE_04_EVAL_7,Support Automation (Mobile Money),GPT-4o (Quantized),HALLUCINATION,FULLY GROUNDED,0.75,None,SAFE / VERIFIED,Critique: The chatbot output adheres perfectly to the semantic facts and numerical parameters established in the Ground Truth context (Cosine Similarity: 0.1524). No hallucination detected.
CHAT_WAVE_05_EVAL_7,Network Telemetry,Claude 3.5 Sonnet,FULLY GROUNDED,FULLY GROUNDED,0.81,None,SAFE / VERIFIED,Critique: The chatbot output adheres perfectly to the semantic facts and numerical parameters established in the Ground Truth context (Cosine Similarity: 0.3524). No hallucination detected.
CHAT_WAVE_06_EVAL_7,Support Automation (Mobile Money),Mistral-7B (Fine-Tuned),HALLUCINATION,HALLUCINATION,0.88,Semantic Departure (Context Unalignment),CRITICAL / BRAND RISK,"Critique: The chatbot's response diverged significantly from the Ground Truth context (Cosine Similarity: 0.0225 < Threshold 0.15), indicating ungrounded text generation."
CHAT_LEGAL_07_EVAL_7,Banking Regulation (BOFIA 2020),Claude 3 Opus,HALLUCINATION,HALLUCINATION,0.95,Financial Miscalculation (Data Contradiction),HIGH RISK / FINANCIAL LIABILITY,"Critique: The chatbot generated numerical entities (500,000, 6) that are entirely unsupported by the provided Ground Truth context. This represents a severe factual hallucination."
CHAT_LEGAL_08_EVAL_7,Tax Compliance (CITA),GPT-4o (Quantized),FULLY GROUNDED,FULLY GROUNDED,0.81,None,SAFE / VERIFIED,Critique: The chatbot output adheres perfectly to the semantic facts and numerical parameters established in the Ground Truth context (Cosine Similarity: 0.3626). No hallucination detected.
CHAT_CLEO_01_EVAL_8,Financial Health Coaching,GPT-4o (Quantized),HALLUCINATION,HALLUCINATION,0.95,Financial Miscalculation (Data Contradiction),HIGH RISK / FINANCIAL LIABILITY,"Critique: The chatbot generated numerical entities (1,245.00) that are entirely unsupported by the provided Ground Truth context. This represents a severe factual hallucination."
CHAT_CLEO_02_EVAL_8,Transaction Classifier,Claude 3.5 Sonnet,FULLY GROUNDED,FULLY GROUNDED,0.83,None,SAFE / VERIFIED,Critique: The chatbot output adheres perfectly to the semantic facts and numerical parameters established in the Ground Truth context (Cosine Similarity: 0.4213). No hallucination detected.
CHAT_CLEO_03_EVAL_8,Credit Optimization,GPT-3.5-Turbo (Legacy),HALLUCINATION,HALLUCINATION,0.95,Financial Miscalculation (Data Contradiction),HIGH RISK / FINANCIAL LIABILITY,"Critique: The chatbot generated numerical entities (5,000) that are entirely unsupported by the provided Ground Truth context. This represents a severe factual hallucination."
CHAT_WAVE_04_EVAL_8,Support Automation (Mobile Money),GPT-4o (Quantized),HALLUCINATION,FULLY GROUNDED,0.75,None,SAFE / VERIFIED,Critique: The chatbot output adheres perfectly to the semantic facts and numerical parameters established in the Ground Truth context (Cosine Similarity: 0.1524). No hallucination detected.
CHAT_WAVE_05_EVAL_8,Network Telemetry,Claude 3.5 Sonnet,FULLY GROUNDED,FULLY GROUNDED,0.81,None,SAFE / VERIFIED,Critique: The chatbot output adheres perfectly to the semantic facts and numerical parameters established in the Ground Truth context (Cosine Similarity: 0.3524). No hallucination detected.
CHAT_WAVE_06_EVAL_8,Support Automation (Mobile Money),Mistral-7B (Fine-Tuned),HALLUCINATION,HALLUCINATION,0.88,Semantic Departure (Context Unalignment),CRITICAL / BRAND RISK,"Critique: The chatbot's response diverged significantly from the Ground Truth context (Cosine Similarity: 0.0225 < Threshold 0.15), indicating ungrounded text generation."
CHAT_LEGAL_07_EVAL_8,Banking Regulation (BOFIA 2020),Claude 3 Opus,HALLUCINATION,HALLUCINATION,0.95,Financial Miscalculation (Data Contradiction),HIGH RISK / FINANCIAL LIABILITY,"Critique: The chatbot generated numerical entities (500,000, 6) that are entirely unsupported by the provided Ground Truth context. This represents a severe factual hallucination."
CHAT_LEGAL_08_EVAL_8,Tax Compliance (CITA),GPT-4o (Quantized),FULLY GROUNDED,FULLY GROUNDED,0.81,None,SAFE / VERIFIED,Critique: The chatbot output adheres perfectly to the semantic facts and numerical parameters established in the Ground Truth context (Cosine Similarity: 0.3626). No hallucination detected.
CHAT_CLEO_01_EVAL_9,Financial Health Coaching,GPT-4o (Quantized),HALLUCINATION,HALLUCINATION,0.95,Financial Miscalculation (Data Contradiction),HIGH RISK / FINANCIAL LIABILITY,"Critique: The chatbot generated numerical entities (1,245.00) that are entirely unsupported by the provided Ground Truth context. This represents a severe factual hallucination."
CHAT_CLEO_02_EVAL_9,Transaction Classifier,Claude 3.5 Sonnet,FULLY GROUNDED,FULLY GROUNDED,0.83,None,SAFE / VERIFIED,Critique: The chatbot output adheres perfectly to the semantic facts and numerical parameters established in the Ground Truth context (Cosine Similarity: 0.4213). No hallucination detected.
CHAT_CLEO_03_EVAL_9,Credit Optimization,GPT-3.5-Turbo (Legacy),HALLUCINATION,HALLUCINATION,0.95,Financial Miscalculation (Data Contradiction),HIGH RISK / FINANCIAL LIABILITY,"Critique: The chatbot generated numerical entities (5,000) that are entirely unsupported by the provided Ground Truth context. This represents a severe factual hallucination."
CHAT_WAVE_04_EVAL_9,Support Automation (Mobile Money),GPT-4o (Quantized),HALLUCINATION,FULLY GROUNDED,0.75,None,SAFE / VERIFIED,Critique: The chatbot output adheres perfectly to the semantic facts and numerical parameters established in the Ground Truth context (Cosine Similarity: 0.1524). No hallucination detected.
CHAT_WAVE_05_EVAL_9,Network Telemetry,Claude 3.5 Sonnet,FULLY GROUNDED,FULLY GROUNDED,0.81,None,SAFE / VERIFIED,Critique: The chatbot output adheres perfectly to the semantic facts and numerical parameters established in the Ground Truth context (Cosine Similarity: 0.3524). No hallucination detected.
CHAT_WAVE_06_EVAL_9,Support Automation (Mobile Money),Mistral-7B (Fine-Tuned),HALLUCINATION,HALLUCINATION,0.88,Semantic Departure (Context Unalignment),CRITICAL / BRAND RISK,"Critique: The chatbot's response diverged significantly from the Ground Truth context (Cosine Similarity: 0.0225 < Threshold 0.15), indicating ungrounded text generation."
CHAT_LEGAL_07_EVAL_9,Banking Regulation (BOFIA 2020),Claude 3 Opus,HALLUCINATION,HALLUCINATION,0.95,Financial Miscalculation (Data Contradiction),HIGH RISK / FINANCIAL LIABILITY,"Critique: The chatbot generated numerical entities (500,000, 6) that are entirely unsupported by the provided Ground Truth context. This represents a severe factual hallucination."
CHAT_LEGAL_08_EVAL_9,Tax Compliance (CITA),GPT-4o (Quantized),FULLY GROUNDED,FULLY GROUNDED,0.81,None,SAFE / VERIFIED,Critique: The chatbot output adheres perfectly to the semantic facts and numerical parameters established in the Ground Truth context (Cosine Similarity: 0.3626). No hallucination detected.
CHAT_CLEO_01_EVAL_10,Financial Health Coaching,GPT-4o (Quantized),HALLUCINATION,HALLUCINATION,0.95,Financial Miscalculation (Data Contradiction),HIGH RISK / FINANCIAL LIABILITY,"Critique: The chatbot generated numerical entities (1,245.00) that are entirely unsupported by the provided Ground Truth context. This represents a severe factual hallucination."
CHAT_CLEO_02_EVAL_10,Transaction Classifier,Claude 3.5 Sonnet,FULLY GROUNDED,FULLY GROUNDED,0.83,None,SAFE / VERIFIED,Critique: The chatbot output adheres perfectly to the semantic facts and numerical parameters established in the Ground Truth context (Cosine Similarity: 0.4213). No hallucination detected.
CHAT_CLEO_03_EVAL_10,Credit Optimization,GPT-3.5-Turbo (Legacy),HALLUCINATION,HALLUCINATION,0.95,Financial Miscalculation (Data Contradiction),HIGH RISK / FINANCIAL LIABILITY,"Critique: The chatbot generated numerical entities (5,000) that are entirely unsupported by the provided Ground Truth context. This represents a severe factual hallucination."
CHAT_WAVE_04_EVAL_10,Support Automation (Mobile Money),GPT-4o (Quantized),HALLUCINATION,FULLY GROUNDED,0.75,None,SAFE / VERIFIED,Critique: The chatbot output adheres perfectly to the semantic facts and numerical parameters established in the Ground Truth context (Cosine Similarity: 0.1524). No hallucination detected.
CHAT_WAVE_05_EVAL_10,Network Telemetry,Claude 3.5 Sonnet,FULLY GROUNDED,FULLY GROUNDED,0.81,None,SAFE / VERIFIED,Critique: The chatbot output adheres perfectly to the semantic facts and numerical parameters established in the Ground Truth context (Cosine Similarity: 0.3524). No hallucination detected.
CHAT_WAVE_06_EVAL_10,Support Automation (Mobile Money),Mistral-7B (Fine-Tuned),HALLUCINATION,HALLUCINATION,0.88,Semantic Departure (Context Unalignment),CRITICAL / BRAND RISK,"Critique: The chatbot's response diverged significantly from the Ground Truth context (Cosine Similarity: 0.0225 < Threshold 0.15), indicating ungrounded text generation."
CHAT_LEGAL_07_EVAL_10,Banking Regulation (BOFIA 2020),Claude 3 Opus,HALLUCINATION,HALLUCINATION,0.95,Financial Miscalculation (Data Contradiction),HIGH RISK / FINANCIAL LIABILITY,"Critique: The chatbot generated numerical entities (500,000, 6) that are entirely unsupported by the provided Ground Truth context. This represents a severe factual hallucination."
CHAT_LEGAL_08_EVAL_10,Tax Compliance (CITA),GPT-4o (Quantized),FULLY GROUNDED,FULLY GROUNDED,0.81,None,SAFE / VERIFIED,Critique: The chatbot output adheres perfectly to the semantic facts and numerical parameters established in the Ground Truth context (Cosine Similarity: 0.3626). No hallucination detected.
CHAT_CLEO_01_EVAL_11,Financial Health Coaching,GPT-4o (Quantized),HALLUCINATION,HALLUCINATION,0.95,Financial Miscalculation (Data Contradiction),HIGH RISK / FINANCIAL LIABILITY,"Critique: The chatbot generated numerical entities (1,245.00) that are entirely unsupported by the provided Ground Truth context. This represents a severe factual hallucination."
CHAT_CLEO_02_EVAL_11,Transaction Classifier,Claude 3.5 Sonnet,FULLY GROUNDED,FULLY GROUNDED,0.83,None,SAFE / VERIFIED,Critique: The chatbot output adheres perfectly to the semantic facts and numerical parameters established in the Ground Truth context (Cosine Similarity: 0.4213). No hallucination detected.
CHAT_CLEO_03_EVAL_11,Credit Optimization,GPT-3.5-Turbo (Legacy),HALLUCINATION,HALLUCINATION,0.95,Financial Miscalculation (Data Contradiction),HIGH RISK / FINANCIAL LIABILITY,"Critique: The chatbot generated numerical entities (5,000) that are entirely unsupported by the provided Ground Truth context. This represents a severe factual hallucination."
CHAT_WAVE_04_EVAL_11,Support Automation (Mobile Money),GPT-4o (Quantized),HALLUCINATION,FULLY GROUNDED,0.75,None,SAFE / VERIFIED,Critique: The chatbot output adheres perfectly to the semantic facts and numerical parameters established in the Ground Truth context (Cosine Similarity: 0.1524). No hallucination detected.
CHAT_WAVE_05_EVAL_11,Network Telemetry,Claude 3.5 Sonnet,FULLY GROUNDED,FULLY GROUNDED,0.81,None,SAFE / VERIFIED,Critique: The chatbot output adheres perfectly to the semantic facts and numerical parameters established in the Ground Truth context (Cosine Similarity: 0.3524). No hallucination detected.
CHAT_WAVE_06_EVAL_11,Support Automation (Mobile Money),Mistral-7B (Fine-Tuned),HALLUCINATION,HALLUCINATION,0.88,Semantic Departure (Context Unalignment),CRITICAL / BRAND RISK,"Critique: The chatbot's response diverged significantly from the Ground Truth context (Cosine Similarity: 0.0225 < Threshold 0.15), indicating ungrounded text generation."
CHAT_LEGAL_07_EVAL_11,Banking Regulation (BOFIA 2020),Claude 3 Opus,HALLUCINATION,HALLUCINATION,0.95,Financial Miscalculation (Data Contradiction),HIGH RISK / FINANCIAL LIABILITY,"Critique: The chatbot generated numerical entities (500,000, 6) that are entirely unsupported by the provided Ground Truth context. This represents a severe factual hallucination."
CHAT_LEGAL_08_EVAL_11,Tax Compliance (CITA),GPT-4o (Quantized),FULLY GROUNDED,FULLY GROUNDED,0.81,None,SAFE / VERIFIED,Critique: The chatbot output adheres perfectly to the semantic facts and numerical parameters established in the Ground Truth context (Cosine Similarity: 0.3626). No hallucination detected.
CHAT_CLEO_01_EVAL_12,Financial Health Coaching,GPT-4o (Quantized),HALLUCINATION,HALLUCINATION,0.95,Financial Miscalculation (Data Contradiction),HIGH RISK / FINANCIAL LIABILITY,"Critique: The chatbot generated numerical entities (1,245.00) that are entirely unsupported by the provided Ground Truth context. This represents a severe factual hallucination."
CHAT_CLEO_02_EVAL_12,Transaction Classifier,Claude 3.5 Sonnet,FULLY GROUNDED,FULLY GROUNDED,0.83,None,SAFE / VERIFIED,Critique: The chatbot output adheres perfectly to the semantic facts and numerical parameters established in the Ground Truth context (Cosine Similarity: 0.4213). No hallucination detected.
CHAT_CLEO_03_EVAL_12,Credit Optimization,GPT-3.5-Turbo (Legacy),HALLUCINATION,HALLUCINATION,0.95,Financial Miscalculation (Data Contradiction),HIGH RISK / FINANCIAL LIABILITY,"Critique: The chatbot generated numerical entities (5,000) that are entirely unsupported by the provided Ground Truth context. This represents a severe factual hallucination."
CHAT_WAVE_04_EVAL_12,Support Automation (Mobile Money),GPT-4o (Quantized),HALLUCINATION,FULLY GROUNDED,0.75,None,SAFE / VERIFIED,Critique: The chatbot output adheres perfectly to the semantic facts and numerical parameters established in the Ground Truth context (Cosine Similarity: 0.1524). No hallucination detected.
CHAT_WAVE_05_EVAL_12,Network Telemetry,Claude 3.5 Sonnet,FULLY GROUNDED,FULLY GROUNDED,0.81,None,SAFE / VERIFIED,Critique: The chatbot output adheres perfectly to the semantic facts and numerical parameters established in the Ground Truth context (Cosine Similarity: 0.3524). No hallucination detected.
CHAT_WAVE_06_EVAL_12,Support Automation (Mobile Money),Mistral-7B (Fine-Tuned),HALLUCINATION,HALLUCINATION,0.88,Semantic Departure (Context Unalignment),CRITICAL / BRAND RISK,"Critique: The chatbot's response diverged significantly from the Ground Truth context (Cosine Similarity: 0.0225 < Threshold 0.15), indicating ungrounded text generation."
CHAT_LEGAL_07_EVAL_12,Banking Regulation (BOFIA 2020),Claude 3 Opus,HALLUCINATION,HALLUCINATION,0.95,Financial Miscalculation (Data Contradiction),HIGH RISK / FINANCIAL LIABILITY,"Critique: The chatbot generated numerical entities (500,000, 6) that are entirely unsupported by the provided Ground Truth context. This represents a severe factual hallucination."
CHAT_LEGAL_08_EVAL_12,Tax Compliance (CITA),GPT-4o (Quantized),FULLY GROUNDED,FULLY GROUNDED,0.81,None,SAFE / VERIFIED,Critique: The chatbot output adheres perfectly to the semantic facts and numerical parameters established in the Ground Truth context (Cosine Similarity: 0.3626). No hallucination detected.
CHAT_CLEO_01_EVAL_13,Financial Health Coaching,GPT-4o (Quantized),HALLUCINATION,HALLUCINATION,0.95,Financial Miscalculation (Data Contradiction),HIGH RISK / FINANCIAL LIABILITY,"Critique: The chatbot generated numerical entities (1,245.00) that are entirely unsupported by the provided Ground Truth context. This represents a severe factual hallucination."
CHAT_CLEO_02_EVAL_13,Transaction Classifier,Claude 3.5 Sonnet,FULLY GROUNDED,FULLY GROUNDED,0.83,None,SAFE / VERIFIED,Critique: The chatbot output adheres perfectly to the semantic facts and numerical parameters established in the Ground Truth context (Cosine Similarity: 0.4213). No hallucination detected.
CHAT_CLEO_03_EVAL_13,Credit Optimization,GPT-3.5-Turbo (Legacy),HALLUCINATION,HALLUCINATION,0.95,Financial Miscalculation (Data Contradiction),HIGH RISK / FINANCIAL LIABILITY,"Critique: The chatbot generated numerical entities (5,000) that are entirely unsupported by the provided Ground Truth context. This represents a severe factual hallucination."
CHAT_WAVE_04_EVAL_13,Support Automation (Mobile Money),GPT-4o (Quantized),HALLUCINATION,FULLY GROUNDED,0.75,None,SAFE / VERIFIED,Critique: The chatbot output adheres perfectly to the semantic facts and numerical parameters established in the Ground Truth context (Cosine Similarity: 0.1524). No hallucination detected.
CHAT_WAVE_05_EVAL_13,Network Telemetry,Claude 3.5 Sonnet,FULLY GROUNDED,FULLY GROUNDED,0.81,None,SAFE / VERIFIED,Critique: The chatbot output adheres perfectly to the semantic facts and numerical parameters established in the Ground Truth context (Cosine Similarity: 0.3524). No hallucination detected.
CHAT_WAVE_06_EVAL_13,Support Automation (Mobile Money),Mistral-7B (Fine-Tuned),HALLUCINATION,HALLUCINATION,0.88,Semantic Departure (Context Unalignment),CRITICAL / BRAND RISK,"Critique: The chatbot's response diverged significantly from the Ground Truth context (Cosine Similarity: 0.0225 < Threshold 0.15), indicating ungrounded text generation."
CHAT_LEGAL_07_EVAL_13,Banking Regulation (BOFIA 2020),Claude 3 Opus,HALLUCINATION,HALLUCINATION,0.95,Financial Miscalculation (Data Contradiction),HIGH RISK / FINANCIAL LIABILITY,"Critique: The chatbot generated numerical entities (500,000, 6) that are entirely unsupported by the provided Ground Truth context. This represents a severe factual hallucination."
CHAT_LEGAL_08_EVAL_13,Tax Compliance (CITA),GPT-4o (Quantized),FULLY GROUNDED,FULLY GROUNDED,0.81,None,SAFE / VERIFIED,Critique: The chatbot output adheres perfectly to the semantic facts and numerical parameters established in the Ground Truth context (Cosine Similarity: 0.3626). No hallucination detected.
CHAT_CLEO_01_EVAL_14,Financial Health Coaching,GPT-4o (Quantized),HALLUCINATION,HALLUCINATION,0.95,Financial Miscalculation (Data Contradiction),HIGH RISK / FINANCIAL LIABILITY,"Critique: The chatbot generated numerical entities (1,245.00) that are entirely unsupported by the provided Ground Truth context. This represents a severe factual hallucination."
CHAT_CLEO_02_EVAL_14,Transaction Classifier,Claude 3.5 Sonnet,FULLY GROUNDED,FULLY GROUNDED,0.83,None,SAFE / VERIFIED,Critique: The chatbot output adheres perfectly to the semantic facts and numerical parameters established in the Ground Truth context (Cosine Similarity: 0.4213). No hallucination detected.
CHAT_CLEO_03_EVAL_14,Credit Optimization,GPT-3.5-Turbo (Legacy),HALLUCINATION,HALLUCINATION,0.95,Financial Miscalculation (Data Contradiction),HIGH RISK / FINANCIAL LIABILITY,"Critique: The chatbot generated numerical entities (5,000) that are entirely unsupported by the provided Ground Truth context. This represents a severe factual hallucination."
CHAT_WAVE_04_EVAL_14,Support Automation (Mobile Money),GPT-4o (Quantized),HALLUCINATION,FULLY GROUNDED,0.75,None,SAFE / VERIFIED,Critique: The chatbot output adheres perfectly to the semantic facts and numerical parameters established in the Ground Truth context (Cosine Similarity: 0.1524). No hallucination detected.
CHAT_WAVE_05_EVAL_14,Network Telemetry,Claude 3.5 Sonnet,FULLY GROUNDED,FULLY GROUNDED,0.81,None,SAFE / VERIFIED,Critique: The chatbot output adheres perfectly to the semantic facts and numerical parameters established in the Ground Truth context (Cosine Similarity: 0.3524). No hallucination detected.
CHAT_WAVE_06_EVAL_14,Support Automation (Mobile Money),Mistral-7B (Fine-Tuned),HALLUCINATION,HALLUCINATION,0.88,Semantic Departure (Context Unalignment),CRITICAL / BRAND RISK,"Critique: The chatbot's response diverged significantly from the Ground Truth context (Cosine Similarity: 0.0225 < Threshold 0.15), indicating ungrounded text generation."
CHAT_LEGAL_07_EVAL_14,Banking Regulation (BOFIA 2020),Claude 3 Opus,HALLUCINATION,HALLUCINATION,0.95,Financial Miscalculation (Data Contradiction),HIGH RISK / FINANCIAL LIABILITY,"Critique: The chatbot generated numerical entities (500,000, 6) that are entirely unsupported by the provided Ground Truth context. This represents a severe factual hallucination."
CHAT_LEGAL_08_EVAL_14,Tax Compliance (CITA),GPT-4o (Quantized),FULLY GROUNDED,FULLY GROUNDED,0.81,None,SAFE / VERIFIED,Critique: The chatbot output adheres perfectly to the semantic facts and numerical parameters established in the Ground Truth context (Cosine Similarity: 0.3626). No hallucination detected.
CHAT_CLEO_01_EVAL_15,Financial Health Coaching,GPT-4o (Quantized),HALLUCINATION,HALLUCINATION,0.95,Financial Miscalculation (Data Contradiction),HIGH RISK / FINANCIAL LIABILITY,"Critique: The chatbot generated numerical entities (1,245.00) that are entirely unsupported by the provided Ground Truth context. This represents a severe factual hallucination."
CHAT_CLEO_02_EVAL_15,Transaction Classifier,Claude 3.5 Sonnet,FULLY GROUNDED,FULLY GROUNDED,0.83,None,SAFE / VERIFIED,Critique: The chatbot output adheres perfectly to the semantic facts and numerical parameters established in the Ground Truth context (Cosine Similarity: 0.4213). No hallucination detected.
CHAT_CLEO_03_EVAL_15,Credit Optimization,GPT-3.5-Turbo (Legacy),HALLUCINATION,HALLUCINATION,0.95,Financial Miscalculation (Data Contradiction),HIGH RISK / FINANCIAL LIABILITY,"Critique: The chatbot generated numerical entities (5,000) that are entirely unsupported by the provided Ground Truth context. This represents a severe factual hallucination."
CHAT_WAVE_04_EVAL_15,Support Automation (Mobile Money),GPT-4o (Quantized),HALLUCINATION,FULLY GROUNDED,0.75,None,SAFE / VERIFIED,Critique: The chatbot output adheres perfectly to the semantic facts and numerical parameters established in the Ground Truth context (Cosine Similarity: 0.1524). No hallucination detected.
CHAT_WAVE_05_EVAL_15,Network Telemetry,Claude 3.5 Sonnet,FULLY GROUNDED,FULLY GROUNDED,0.81,None,SAFE / VERIFIED,Critique: The chatbot output adheres perfectly to the semantic facts and numerical parameters established in the Ground Truth context (Cosine Similarity: 0.3524). No hallucination detected.
CHAT_WAVE_06_EVAL_15,Support Automation (Mobile Money),Mistral-7B (Fine-Tuned),HALLUCINATION,HALLUCINATION,0.88,Semantic Departure (Context Unalignment),CRITICAL / BRAND RISK,"Critique: The chatbot's response diverged significantly from the Ground Truth context (Cosine Similarity: 0.0225 < Threshold 0.15), indicating ungrounded text generation."
CHAT_LEGAL_07_EVAL_15,Banking Regulation (BOFIA 2020),Claude 3 Opus,HALLUCINATION,HALLUCINATION,0.95,Financial Miscalculation (Data Contradiction),HIGH RISK / FINANCIAL LIABILITY,"Critique: The chatbot generated numerical entities (500,000, 6) that are entirely unsupported by the provided Ground Truth context. This represents a severe factual hallucination."
CHAT_LEGAL_08_EVAL_15,Tax Compliance (CITA),GPT-4o (Quantized),FULLY GROUNDED,FULLY GROUNDED,0.81,None,SAFE / VERIFIED,Critique: The chatbot output adheres perfectly to the semantic facts and numerical parameters established in the Ground Truth context (Cosine Similarity: 0.3626). No hallucination detected.
CHAT_CLEO_01_EVAL_16,Financial Health Coaching,GPT-4o (Quantized),HALLUCINATION,HALLUCINATION,0.95,Financial Miscalculation (Data Contradiction),HIGH RISK / FINANCIAL LIABILITY,"Critique: The chatbot generated numerical entities (1,245.00) that are entirely unsupported by the provided Ground Truth context. This represents a severe factual hallucination."
CHAT_CLEO_02_EVAL_16,Transaction Classifier,Claude 3.5 Sonnet,FULLY GROUNDED,FULLY GROUNDED,0.83,None,SAFE / VERIFIED,Critique: The chatbot output adheres perfectly to the semantic facts and numerical parameters established in the Ground Truth context (Cosine Similarity: 0.4213). No hallucination detected.
CHAT_CLEO_03_EVAL_16,Credit Optimization,GPT-3.5-Turbo (Legacy),HALLUCINATION,HALLUCINATION,0.95,Financial Miscalculation (Data Contradiction),HIGH RISK / FINANCIAL LIABILITY,"Critique: The chatbot generated numerical entities (5,000) that are entirely unsupported by the provided Ground Truth context. This represents a severe factual hallucination."
CHAT_WAVE_04_EVAL_16,Support Automation (Mobile Money),GPT-4o (Quantized),HALLUCINATION,FULLY GROUNDED,0.75,None,SAFE / VERIFIED,Critique: The chatbot output adheres perfectly to the semantic facts and numerical parameters established in the Ground Truth context (Cosine Similarity: 0.1524). No hallucination detected.
CHAT_WAVE_05_EVAL_16,Network Telemetry,Claude 3.5 Sonnet,FULLY GROUNDED,FULLY GROUNDED,0.81,None,SAFE / VERIFIED,Critique: The chatbot output adheres perfectly to the semantic facts and numerical parameters established in the Ground Truth context (Cosine Similarity: 0.3524). No hallucination detected.
CHAT_WAVE_06_EVAL_16,Support Automation (Mobile Money),Mistral-7B (Fine-Tuned),HALLUCINATION,HALLUCINATION,0.88,Semantic Departure (Context Unalignment),CRITICAL / BRAND RISK,"Critique: The chatbot's response diverged significantly from the Ground Truth context (Cosine Similarity: 0.0225 < Threshold 0.15), indicating ungrounded text generation."
CHAT_LEGAL_07_EVAL_16,Banking Regulation (BOFIA 2020),Claude 3 Opus,HALLUCINATION,HALLUCINATION,0.95,Financial Miscalculation (Data Contradiction),HIGH RISK / FINANCIAL LIABILITY,"Critique: The chatbot generated numerical entities (500,000, 6) that are entirely unsupported by the provided Ground Truth context. This represents a severe factual hallucination."
CHAT_LEGAL_08_EVAL_16,Tax Compliance (CITA),GPT-4o (Quantized),FULLY GROUNDED,FULLY GROUNDED,0.81,None,SAFE / VERIFIED,Critique: The chatbot output adheres perfectly to the semantic facts and numerical parameters established in the Ground Truth context (Cosine Similarity: 0.3626). No hallucination detected.
CHAT_CLEO_01_EVAL_17,Financial Health Coaching,GPT-4o (Quantized),HALLUCINATION,HALLUCINATION,0.95,Financial Miscalculation (Data Contradiction),HIGH RISK / FINANCIAL LIABILITY,"Critique: The chatbot generated numerical entities (1,245.00) that are entirely unsupported by the provided Ground Truth context. This represents a severe factual hallucination."
CHAT_CLEO_02_EVAL_17,Transaction Classifier,Claude 3.5 Sonnet,FULLY GROUNDED,FULLY GROUNDED,0.83,None,SAFE / VERIFIED,Critique: The chatbot output adheres perfectly to the semantic facts and numerical parameters established in the Ground Truth context (Cosine Similarity: 0.4213). No hallucination detected.
CHAT_CLEO_03_EVAL_17,Credit Optimization,GPT-3.5-Turbo (Legacy),HALLUCINATION,HALLUCINATION,0.95,Financial Miscalculation (Data Contradiction),HIGH RISK / FINANCIAL LIABILITY,"Critique: The chatbot generated numerical entities (5,000) that are entirely unsupported by the provided Ground Truth context. This represents a severe factual hallucination."
CHAT_WAVE_04_EVAL_17,Support Automation (Mobile Money),GPT-4o (Quantized),HALLUCINATION,FULLY GROUNDED,0.75,None,SAFE / VERIFIED,Critique: The chatbot output adheres perfectly to the semantic facts and numerical parameters established in the Ground Truth context (Cosine Similarity: 0.1524). No hallucination detected.
CHAT_WAVE_05_EVAL_17,Network Telemetry,Claude 3.5 Sonnet,FULLY GROUNDED,FULLY GROUNDED,0.81,None,SAFE / VERIFIED,Critique: The chatbot output adheres perfectly to the semantic facts and numerical parameters established in the Ground Truth context (Cosine Similarity: 0.3524). No hallucination detected.
CHAT_WAVE_06_EVAL_17,Support Automation (Mobile Money),Mistral-7B (Fine-Tuned),HALLUCINATION,HALLUCINATION,0.88,Semantic Departure (Context Unalignment),CRITICAL / BRAND RISK,"Critique: The chatbot's response diverged significantly from the Ground Truth context (Cosine Similarity: 0.0225 < Threshold 0.15), indicating ungrounded text generation."
CHAT_LEGAL_07_EVAL_17,Banking Regulation (BOFIA 2020),Claude 3 Opus,HALLUCINATION,HALLUCINATION,0.95,Financial Miscalculation (Data Contradiction),HIGH RISK / FINANCIAL LIABILITY,"Critique: The chatbot generated numerical entities (500,000, 6) that are entirely unsupported by the provided Ground Truth context. This represents a severe factual hallucination."
CHAT_LEGAL_08_EVAL_17,Tax Compliance (CITA),GPT-4o (Quantized),FULLY GROUNDED,FULLY GROUNDED,0.81,None,SAFE / VERIFIED,Critique: The chatbot output adheres perfectly to the semantic facts and numerical parameters established in the Ground Truth context (Cosine Similarity: 0.3626). No hallucination detected.
CHAT_CLEO_01_EVAL_18,Financial Health Coaching,GPT-4o (Quantized),HALLUCINATION,HALLUCINATION,0.95,Financial Miscalculation (Data Contradiction),HIGH RISK / FINANCIAL LIABILITY,"Critique: The chatbot generated numerical entities (1,245.00) that are entirely unsupported by the provided Ground Truth context. This represents a severe factual hallucination."
CHAT_CLEO_02_EVAL_18,Transaction Classifier,Claude 3.5 Sonnet,FULLY GROUNDED,FULLY GROUNDED,0.83,None,SAFE / VERIFIED,Critique: The chatbot output adheres perfectly to the semantic facts and numerical parameters established in the Ground Truth context (Cosine Similarity: 0.4213). No hallucination detected.
CHAT_CLEO_03_EVAL_18,Credit Optimization,GPT-3.5-Turbo (Legacy),HALLUCINATION,HALLUCINATION,0.95,Financial Miscalculation (Data Contradiction),HIGH RISK / FINANCIAL LIABILITY,"Critique: The chatbot generated numerical entities (5,000) that are entirely unsupported by the provided Ground Truth context. This represents a severe factual hallucination."
CHAT_WAVE_04_EVAL_18,Support Automation (Mobile Money),GPT-4o (Quantized),HALLUCINATION,FULLY GROUNDED,0.75,None,SAFE / VERIFIED,Critique: The chatbot output adheres perfectly to the semantic facts and numerical parameters established in the Ground Truth context (Cosine Similarity: 0.1524). No hallucination detected.
CHAT_WAVE_05_EVAL_18,Network Telemetry,Claude 3.5 Sonnet,FULLY GROUNDED,FULLY GROUNDED,0.81,None,SAFE / VERIFIED,Critique: The chatbot output adheres perfectly to the semantic facts and numerical parameters established in the Ground Truth context (Cosine Similarity: 0.3524). No hallucination detected.
CHAT_WAVE_06_EVAL_18,Support Automation (Mobile Money),Mistral-7B (Fine-Tuned),HALLUCINATION,HALLUCINATION,0.88,Semantic Departure (Context Unalignment),CRITICAL / BRAND RISK,"Critique: The chatbot's response diverged significantly from the Ground Truth context (Cosine Similarity: 0.0225 < Threshold 0.15), indicating ungrounded text generation."
CHAT_LEGAL_07_EVAL_18,Banking Regulation (BOFIA 2020),Claude 3 Opus,HALLUCINATION,HALLUCINATION,0.95,Financial Miscalculation (Data Contradiction),HIGH RISK / FINANCIAL LIABILITY,"Critique: The chatbot generated numerical entities (500,000, 6) that are entirely unsupported by the provided Ground Truth context. This represents a severe factual hallucination."
CHAT_LEGAL_08_EVAL_18,Tax Compliance (CITA),GPT-4o (Quantized),FULLY GROUNDED,FULLY GROUNDED,0.81,None,SAFE / VERIFIED,Critique: The chatbot output adheres perfectly to the semantic facts and numerical parameters established in the Ground Truth context (Cosine Similarity: 0.3626). No hallucination detected.
CHAT_CLEO_01_EVAL_19,Financial Health Coaching,GPT-4o (Quantized),HALLUCINATION,HALLUCINATION,0.95,Financial Miscalculation (Data Contradiction),HIGH RISK / FINANCIAL LIABILITY,"Critique: The chatbot generated numerical entities (1,245.00) that are entirely unsupported by the provided Ground Truth context. This represents a severe factual hallucination."
CHAT_CLEO_02_EVAL_19,Transaction Classifier,Claude 3.5 Sonnet,FULLY GROUNDED,FULLY GROUNDED,0.83,None,SAFE / VERIFIED,Critique: The chatbot output adheres perfectly to the semantic facts and numerical parameters established in the Ground Truth context (Cosine Similarity: 0.4213). No hallucination detected.
CHAT_CLEO_03_EVAL_19,Credit Optimization,GPT-3.5-Turbo (Legacy),HALLUCINATION,HALLUCINATION,0.95,Financial Miscalculation (Data Contradiction),HIGH RISK / FINANCIAL LIABILITY,"Critique: The chatbot generated numerical entities (5,000) that are entirely unsupported by the provided Ground Truth context. This represents a severe factual hallucination."
CHAT_WAVE_04_EVAL_19,Support Automation (Mobile Money),GPT-4o (Quantized),HALLUCINATION,FULLY GROUNDED,0.75,None,SAFE / VERIFIED,Critique: The chatbot output adheres perfectly to the semantic facts and numerical parameters established in the Ground Truth context (Cosine Similarity: 0.1524). No hallucination detected.
CHAT_WAVE_05_EVAL_19,Network Telemetry,Claude 3.5 Sonnet,FULLY GROUNDED,FULLY GROUNDED,0.81,None,SAFE / VERIFIED,Critique: The chatbot output adheres perfectly to the semantic facts and numerical parameters established in the Ground Truth context (Cosine Similarity: 0.3524). No hallucination detected.
CHAT_WAVE_06_EVAL_19,Support Automation (Mobile Money),Mistral-7B (Fine-Tuned),HALLUCINATION,HALLUCINATION,0.88,Semantic Departure (Context Unalignment),CRITICAL / BRAND RISK,"Critique: The chatbot's response diverged significantly from the Ground Truth context (Cosine Similarity: 0.0225 < Threshold 0.15), indicating ungrounded text generation."
CHAT_LEGAL_07_EVAL_19,Banking Regulation (BOFIA 2020),Claude 3 Opus,HALLUCINATION,HALLUCINATION,0.95,Financial Miscalculation (Data Contradiction),HIGH RISK / FINANCIAL LIABILITY,"Critique: The chatbot generated numerical entities (500,000, 6) that are entirely unsupported by the provided Ground Truth context. This represents a severe factual hallucination."
CHAT_LEGAL_08_EVAL_19,Tax Compliance (CITA),GPT-4o (Quantized),FULLY GROUNDED,FULLY GROUNDED,0.81,None,SAFE / VERIFIED,Critique: The chatbot output adheres perfectly to the semantic facts and numerical parameters established in the Ground Truth context (Cosine Similarity: 0.3626). No hallucination detected.
CHAT_CLEO_01_EVAL_20,Financial Health Coaching,GPT-4o (Quantized),HALLUCINATION,HALLUCINATION,0.95,Financial Miscalculation (Data Contradiction),HIGH RISK / FINANCIAL LIABILITY,"Critique: The chatbot generated numerical entities (1,245.00) that are entirely unsupported by the provided Ground Truth context. This represents a severe factual hallucination."
CHAT_CLEO_02_EVAL_20,Transaction Classifier,Claude 3.5 Sonnet,FULLY GROUNDED,FULLY GROUNDED,0.83,None,SAFE / VERIFIED,Critique: The chatbot output adheres perfectly to the semantic facts and numerical parameters established in the Ground Truth context (Cosine Similarity: 0.4213). No hallucination detected.
CHAT_CLEO_03_EVAL_20,Credit Optimization,GPT-3.5-Turbo (Legacy),HALLUCINATION,HALLUCINATION,0.95,Financial Miscalculation (Data Contradiction),HIGH RISK / FINANCIAL LIABILITY,"Critique: The chatbot generated numerical entities (5,000) that are entirely unsupported by the provided Ground Truth context. This represents a severe factual hallucination."
CHAT_WAVE_04_EVAL_20,Support Automation (Mobile Money),GPT-4o (Quantized),HALLUCINATION,FULLY GROUNDED,0.75,None,SAFE / VERIFIED,Critique: The chatbot output adheres perfectly to the semantic facts and numerical parameters established in the Ground Truth context (Cosine Similarity: 0.1524). No hallucination detected.
CHAT_WAVE_05_EVAL_20,Network Telemetry,Claude 3.5 Sonnet,FULLY GROUNDED,FULLY GROUNDED,0.81,None,SAFE / VERIFIED,Critique: The chatbot output adheres perfectly to the semantic facts and numerical parameters established in the Ground Truth context (Cosine Similarity: 0.3524). No hallucination detected.
CHAT_WAVE_06_EVAL_20,Support Automation (Mobile Money),Mistral-7B (Fine-Tuned),HALLUCINATION,HALLUCINATION,0.88,Semantic Departure (Context Unalignment),CRITICAL / BRAND RISK,"Critique: The chatbot's response diverged significantly from the Ground Truth context (Cosine Similarity: 0.0225 < Threshold 0.15), indicating ungrounded text generation."
CHAT_LEGAL_07_EVAL_20,Banking Regulation (BOFIA 2020),Claude 3 Opus,HALLUCINATION,HALLUCINATION,0.95,Financial Miscalculation (Data Contradiction),HIGH RISK / FINANCIAL LIABILITY,"Critique: The chatbot generated numerical entities (500,000, 6) that are entirely unsupported by the provided Ground Truth context. This represents a severe factual hallucination."
CHAT_LEGAL_08_EVAL_20,Tax Compliance (CITA),GPT-4o (Quantized),FULLY GROUNDED,FULLY GROUNDED,0.81,None,SAFE / VERIFIED,Critique: The chatbot output adheres perfectly to the semantic facts and numerical parameters established in the Ground Truth context (Cosine Similarity: 0.3626). No hallucination detected.
CHAT_CLEO_01_EVAL_21,Financial Health Coaching,GPT-4o (Quantized),HALLUCINATION,HALLUCINATION,0.95,Financial Miscalculation (Data Contradiction),HIGH RISK / FINANCIAL LIABILITY,"Critique: The chatbot generated numerical entities (1,245.00) that are entirely unsupported by the provided Ground Truth context. This represents a severe factual hallucination."
CHAT_CLEO_02_EVAL_21,Transaction Classifier,Claude 3.5 Sonnet,FULLY GROUNDED,FULLY GROUNDED,0.83,None,SAFE / VERIFIED,Critique: The chatbot output adheres perfectly to the semantic facts and numerical parameters established in the Ground Truth context (Cosine Similarity: 0.4213). No hallucination detected.
CHAT_CLEO_03_EVAL_21,Credit Optimization,GPT-3.5-Turbo (Legacy),HALLUCINATION,HALLUCINATION,0.95,Financial Miscalculation (Data Contradiction),HIGH RISK / FINANCIAL LIABILITY,"Critique: The chatbot generated numerical entities (5,000) that are entirely unsupported by the provided Ground Truth context. This represents a severe factual hallucination."
CHAT_WAVE_04_EVAL_21,Support Automation (Mobile Money),GPT-4o (Quantized),HALLUCINATION,FULLY GROUNDED,0.75,None,SAFE / VERIFIED,Critique: The chatbot output adheres perfectly to the semantic facts and numerical parameters established in the Ground Truth context (Cosine Similarity: 0.1524). No hallucination detected.
CHAT_WAVE_05_EVAL_21,Network Telemetry,Claude 3.5 Sonnet,FULLY GROUNDED,FULLY GROUNDED,0.81,None,SAFE / VERIFIED,Critique: The chatbot output adheres perfectly to the semantic facts and numerical parameters established in the Ground Truth context (Cosine Similarity: 0.3524). No hallucination detected.
CHAT_WAVE_06_EVAL_21,Support Automation (Mobile Money),Mistral-7B (Fine-Tuned),HALLUCINATION,HALLUCINATION,0.88,Semantic Departure (Context Unalignment),CRITICAL / BRAND RISK,"Critique: The chatbot's response diverged significantly from the Ground Truth context (Cosine Similarity: 0.0225 < Threshold 0.15), indicating ungrounded text generation."
CHAT_LEGAL_07_EVAL_21,Banking Regulation (BOFIA 2020),Claude 3 Opus,HALLUCINATION,HALLUCINATION,0.95,Financial Miscalculation (Data Contradiction),HIGH RISK / FINANCIAL LIABILITY,"Critique: The chatbot generated numerical entities (500,000, 6) that are entirely unsupported by the provided Ground Truth context. This represents a severe factual hallucination."
CHAT_LEGAL_08_EVAL_21,Tax Compliance (CITA),GPT-4o (Quantized),FULLY GROUNDED,FULLY GROUNDED,0.81,None,SAFE / VERIFIED,Critique: The chatbot output adheres perfectly to the semantic facts and numerical parameters established in the Ground Truth context (Cosine Similarity: 0.3626). No hallucination detected.
CHAT_CLEO_01_EVAL_22,Financial Health Coaching,GPT-4o (Quantized),HALLUCINATION,HALLUCINATION,0.95,Financial Miscalculation (Data Contradiction),HIGH RISK / FINANCIAL LIABILITY,"Critique: The chatbot generated numerical entities (1,245.00) that are entirely unsupported by the provided Ground Truth context. This represents a severe factual hallucination."
CHAT_CLEO_02_EVAL_22,Transaction Classifier,Claude 3.5 Sonnet,FULLY GROUNDED,FULLY GROUNDED,0.83,None,SAFE / VERIFIED,Critique: The chatbot output adheres perfectly to the semantic facts and numerical parameters established in the Ground Truth context (Cosine Similarity: 0.4213). No hallucination detected.
CHAT_CLEO_03_EVAL_22,Credit Optimization,GPT-3.5-Turbo (Legacy),HALLUCINATION,HALLUCINATION,0.95,Financial Miscalculation (Data Contradiction),HIGH RISK / FINANCIAL LIABILITY,"Critique: The chatbot generated numerical entities (5,000) that are entirely unsupported by the provided Ground Truth context. This represents a severe factual hallucination."
CHAT_WAVE_04_EVAL_22,Support Automation (Mobile Money),GPT-4o (Quantized),HALLUCINATION,FULLY GROUNDED,0.75,None,SAFE / VERIFIED,Critique: The chatbot output adheres perfectly to the semantic facts and numerical parameters established in the Ground Truth context (Cosine Similarity: 0.1524). No hallucination detected.
CHAT_WAVE_05_EVAL_22,Network Telemetry,Claude 3.5 Sonnet,FULLY GROUNDED,FULLY GROUNDED,0.81,None,SAFE / VERIFIED,Critique: The chatbot output adheres perfectly to the semantic facts and numerical parameters established in the Ground Truth context (Cosine Similarity: 0.3524). No hallucination detected.
CHAT_WAVE_06_EVAL_22,Support Automation (Mobile Money),Mistral-7B (Fine-Tuned),HALLUCINATION,HALLUCINATION,0.88,Semantic Departure (Context Unalignment),CRITICAL / BRAND RISK,"Critique: The chatbot's response diverged significantly from the Ground Truth context (Cosine Similarity: 0.0225 < Threshold 0.15), indicating ungrounded text generation."
CHAT_LEGAL_07_EVAL_22,Banking Regulation (BOFIA 2020),Claude 3 Opus,HALLUCINATION,HALLUCINATION,0.95,Financial Miscalculation (Data Contradiction),HIGH RISK / FINANCIAL LIABILITY,"Critique: The chatbot generated numerical entities (500,000, 6) that are entirely unsupported by the provided Ground Truth context. This represents a severe factual hallucination."
CHAT_LEGAL_08_EVAL_22,Tax Compliance (CITA),GPT-4o (Quantized),FULLY GROUNDED,FULLY GROUNDED,0.81,None,SAFE / VERIFIED,Critique: The chatbot output adheres perfectly to the semantic facts and numerical parameters established in the Ground Truth context (Cosine Similarity: 0.3626). No hallucination detected.
CHAT_CLEO_01_EVAL_23,Financial Health Coaching,GPT-4o (Quantized),HALLUCINATION,HALLUCINATION,0.95,Financial Miscalculation (Data Contradiction),HIGH RISK / FINANCIAL LIABILITY,"Critique: The chatbot generated numerical entities (1,245.00) that are entirely unsupported by the provided Ground Truth context. This represents a severe factual hallucination."
CHAT_CLEO_02_EVAL_23,Transaction Classifier,Claude 3.5 Sonnet,FULLY GROUNDED,FULLY GROUNDED,0.83,None,SAFE / VERIFIED,Critique: The chatbot output adheres perfectly to the semantic facts and numerical parameters established in the Ground Truth context (Cosine Similarity: 0.4213). No hallucination detected.
CHAT_CLEO_03_EVAL_23,Credit Optimization,GPT-3.5-Turbo (Legacy),HALLUCINATION,HALLUCINATION,0.95,Financial Miscalculation (Data Contradiction),HIGH RISK / FINANCIAL LIABILITY,"Critique: The chatbot generated numerical entities (5,000) that are entirely unsupported by the provided Ground Truth context. This represents a severe factual hallucination."
CHAT_WAVE_04_EVAL_23,Support Automation (Mobile Money),GPT-4o (Quantized),HALLUCINATION,FULLY GROUNDED,0.75,None,SAFE / VERIFIED,Critique: The chatbot output adheres perfectly to the semantic facts and numerical parameters established in the Ground Truth context (Cosine Similarity: 0.1524). No hallucination detected.
CHAT_WAVE_05_EVAL_23,Network Telemetry,Claude 3.5 Sonnet,FULLY GROUNDED,FULLY GROUNDED,0.81,None,SAFE / VERIFIED,Critique: The chatbot output adheres perfectly to the semantic facts and numerical parameters established in the Ground Truth context (Cosine Similarity: 0.3524). No hallucination detected.
CHAT_WAVE_06_EVAL_23,Support Automation (Mobile Money),Mistral-7B (Fine-Tuned),HALLUCINATION,HALLUCINATION,0.88,Semantic Departure (Context Unalignment),CRITICAL / BRAND RISK,"Critique: The chatbot's response diverged significantly from the Ground Truth context (Cosine Similarity: 0.0225 < Threshold 0.15), indicating ungrounded text generation."
CHAT_LEGAL_07_EVAL_23,Banking Regulation (BOFIA 2020),Claude 3 Opus,HALLUCINATION,HALLUCINATION,0.95,Financial Miscalculation (Data Contradiction),HIGH RISK / FINANCIAL LIABILITY,"Critique: The chatbot generated numerical entities (500,000, 6) that are entirely unsupported by the provided Ground Truth context. This represents a severe factual hallucination."
CHAT_LEGAL_08_EVAL_23,Tax Compliance (CITA),GPT-4o (Quantized),FULLY GROUNDED,FULLY GROUNDED,0.81,None,SAFE / VERIFIED,Critique: The chatbot output adheres perfectly to the semantic facts and numerical parameters established in the Ground Truth context (Cosine Similarity: 0.3626). No hallucination detected.
CHAT_CLEO_01_EVAL_24,Financial Health Coaching,GPT-4o (Quantized),HALLUCINATION,HALLUCINATION,0.95,Financial Miscalculation (Data Contradiction),HIGH RISK / FINANCIAL LIABILITY,"Critique: The chatbot generated numerical entities (1,245.00) that are entirely unsupported by the provided Ground Truth context. This represents a severe factual hallucination."
CHAT_CLEO_02_EVAL_24,Transaction Classifier,Claude 3.5 Sonnet,FULLY GROUNDED,FULLY GROUNDED,0.83,None,SAFE / VERIFIED,Critique: The chatbot output adheres perfectly to the semantic facts and numerical parameters established in the Ground Truth context (Cosine Similarity: 0.4213). No hallucination detected.
CHAT_CLEO_03_EVAL_24,Credit Optimization,GPT-3.5-Turbo (Legacy),HALLUCINATION,HALLUCINATION,0.95,Financial Miscalculation (Data Contradiction),HIGH RISK / FINANCIAL LIABILITY,"Critique: The chatbot generated numerical entities (5,000) that are entirely unsupported by the provided Ground Truth context. This represents a severe factual hallucination."
CHAT_WAVE_04_EVAL_24,Support Automation (Mobile Money),GPT-4o (Quantized),HALLUCINATION,FULLY GROUNDED,0.75,None,SAFE / VERIFIED,Critique: The chatbot output adheres perfectly to the semantic facts and numerical parameters established in the Ground Truth context (Cosine Similarity: 0.1524). No hallucination detected.
CHAT_WAVE_05_EVAL_24,Network Telemetry,Claude 3.5 Sonnet,FULLY GROUNDED,FULLY GROUNDED,0.81,None,SAFE / VERIFIED,Critique: The chatbot output adheres perfectly to the semantic facts and numerical parameters established in the Ground Truth context (Cosine Similarity: 0.3524). No hallucination detected.
CHAT_WAVE_06_EVAL_24,Support Automation (Mobile Money),Mistral-7B (Fine-Tuned),HALLUCINATION,HALLUCINATION,0.88,Semantic Departure (Context Unalignment),CRITICAL / BRAND RISK,"Critique: The chatbot's response diverged significantly from the Ground Truth context (Cosine Similarity: 0.0225 < Threshold 0.15), indicating ungrounded text generation."
CHAT_LEGAL_07_EVAL_24,Banking Regulation (BOFIA 2020),Claude 3 Opus,HALLUCINATION,HALLUCINATION,0.95,Financial Miscalculation (Data Contradiction),HIGH RISK / FINANCIAL LIABILITY,"Critique: The chatbot generated numerical entities (500,000, 6) that are entirely unsupported by the provided Ground Truth context. This represents a severe factual hallucination."
CHAT_LEGAL_08_EVAL_24,Tax Compliance (CITA),GPT-4o (Quantized),FULLY GROUNDED,FULLY GROUNDED,0.81,None,SAFE / VERIFIED,Critique: The chatbot output adheres perfectly to the semantic facts and numerical parameters established in the Ground Truth context (Cosine Similarity: 0.3626). No hallucination detected.
CHAT_CLEO_01_EVAL_25,Financial Health Coaching,GPT-4o (Quantized),HALLUCINATION,HALLUCINATION,0.95,Financial Miscalculation (Data Contradiction),HIGH RISK / FINANCIAL LIABILITY,"Critique: The chatbot generated numerical entities (1,245.00) that are entirely unsupported by the provided Ground Truth context. This represents a severe factual hallucination."
CHAT_CLEO_02_EVAL_25,Transaction Classifier,Claude 3.5 Sonnet,FULLY GROUNDED,FULLY GROUNDED,0.83,None,SAFE / VERIFIED,Critique: The chatbot output adheres perfectly to the semantic facts and numerical parameters established in the Ground Truth context (Cosine Similarity: 0.4213). No hallucination detected.
CHAT_CLEO_03_EVAL_25,Credit Optimization,GPT-3.5-Turbo (Legacy),HALLUCINATION,HALLUCINATION,0.95,Financial Miscalculation (Data Contradiction),HIGH RISK / FINANCIAL LIABILITY,"Critique: The chatbot generated numerical entities (5,000) that are entirely unsupported by the provided Ground Truth context. This represents a severe factual hallucination."
CHAT_WAVE_04_EVAL_25,Support Automation (Mobile Money),GPT-4o (Quantized),HALLUCINATION,FULLY GROUNDED,0.75,None,SAFE / VERIFIED,Critique: The chatbot output adheres perfectly to the semantic facts and numerical parameters established in the Ground Truth context (Cosine Similarity: 0.1524). No hallucination detected.
CHAT_WAVE_05_EVAL_25,Network Telemetry,Claude 3.5 Sonnet,FULLY GROUNDED,FULLY GROUNDED,0.81,None,SAFE / VERIFIED,Critique: The chatbot output adheres perfectly to the semantic facts and numerical parameters established in the Ground Truth context (Cosine Similarity: 0.3524). No hallucination detected.
CHAT_WAVE_06_EVAL_25,Support Automation (Mobile Money),Mistral-7B (Fine-Tuned),HALLUCINATION,HALLUCINATION,0.88,Semantic Departure (Context Unalignment),CRITICAL / BRAND RISK,"Critique: The chatbot's response diverged significantly from the Ground Truth context (Cosine Similarity: 0.0225 < Threshold 0.15), indicating ungrounded text generation."
CHAT_LEGAL_07_EVAL_25,Banking Regulation (BOFIA 2020),Claude 3 Opus,HALLUCINATION,HALLUCINATION,0.95,Financial Miscalculation (Data Contradiction),HIGH RISK / FINANCIAL LIABILITY,"Critique: The chatbot generated numerical entities (500,000, 6) that are entirely unsupported by the provided Ground Truth context. This represents a severe factual hallucination."
CHAT_LEGAL_08_EVAL_25,Tax Compliance (CITA),GPT-4o (Quantized),FULLY GROUNDED,FULLY GROUNDED,0.81,None,SAFE / VERIFIED,Critique: The chatbot output adheres perfectly to the semantic facts and numerical parameters established in the Ground Truth context (Cosine Similarity: 0.3626). No hallucination detected.
